251,440,266,433,282,426,293,427,303,423,319,425,335,430,323,449,308,459,297,462,286,463,269,458,258,441,283,434,295,433,305,432,327,433,306,442,295,445,284,445,1
253,453,272,446,291,440,302,440,311,437,325,440,338,445,327,464,315,474,304,477,292,478,273,472,260,455,291,449,302,448,312,446,330,448,313,457,303,460,291,461,1
204,355,219,341,236,333,247,334,257,332,274,337,290,349,276,363,260,370,249,372,238,373,221,369,211,355,237,344,248,343,258,343,283,350,259,355,248,357,237,357,1
277,373,297,369,316,370,332,373,346,371,362,371,377,376,361,393,345,402,330,403,314,401,295,390,283,374,316,376,332,379,346,377,370,377,345,390,331,391,315,389,1
237,387,261,385,283,387,297,390,310,389,324,390,336,392,322,411,308,420,294,421,279,419,257,407,243,389,282,393,296,396,310,394,329,394,308,408,294,410,280,407,1
232,356,252,349,273,348,288,352,303,351,319,356,333,366,316,378,299,383,284,383,268,379,249,370,238,357,272,356,287,359,302,359,327,366,300,372,285,372,270,369,1
235,503,252,495,270,491,281,491,292,487,308,487,323,488,312,513,298,525,285,529,273,529,254,523,240,503,271,500,282,499,293,496,318,491,295,512,284,515,272,516,1
192,517,212,510,232,506,242,507,253,503,266,503,278,505,269,528,257,540,245,544,234,545,213,538,197,518,232,514,243,514,253,511,272,508,255,527,244,530,233,532,1
184,486,202,475,220,469,232,471,243,468,258,471,273,478,260,498,245,506,233,508,221,509,203,503,190,486,221,479,232,479,243,478,267,479,244,492,233,494,221,494,1
210,473,230,466,252,464,271,466,287,462,307,461,325,465,310,494,291,511,272,514,253,513,230,499,216,475,253,471,271,472,288,469,318,468,289,494,271,498,253,496,1
178,488,200,480,225,479,243,481,259,477,277,476,291,480,279,509,262,525,244,529,225,528,199,514,185,489,226,486,244,487,259,484,284,483,260,508,243,512,225,511,1
163,438,182,425,204,422,223,425,241,423,261,425,277,437,262,461,242,474,223,477,204,474,181,461,170,439,205,430,223,432,241,430,271,438,241,458,222,461,204,458,1
248,437,264,426,283,423,297,424,310,421,326,422,340,430,329,455,314,466,299,469,284,468,265,460,253,437,284,429,297,429,311,427,335,431,312,455,298,458,283,457,1
203,452,222,441,242,437,256,439,269,436,283,437,294,446,286,470,272,482,257,485,242,485,221,475,208,452,243,443,256,444,269,442,289,447,270,471,256,474,242,473,1
205,419,222,405,242,400,255,403,268,401,285,406,298,420,285,440,269,448,255,449,240,448,221,439,210,419,242,408,255,409,268,408,293,420,268,438,254,439,241,437,1
268,434,286,432,303,430,315,433,325,431,339,433,352,436,339,456,325,464,313,465,301,463,285,454,274,435,303,438,314,440,324,439,346,437,325,449,314,450,302,449,1
235,448,255,446,274,445,286,448,296,445,308,448,318,452,307,471,295,479,283,481,271,479,253,469,240,450,274,453,285,454,295,453,311,453,295,465,284,466,273,465,1
272,419,288,409,306,404,317,406,328,405,344,410,358,420,344,441,328,449,315,450,303,448,286,440,278,420,305,416,316,417,328,417,352,421,328,430,316,432,304,430,1
228,432,247,422,267,418,278,420,289,419,304,424,315,435,303,454,288,463,276,464,263,462,245,453,235,433,266,430,277,431,289,431,309,436,289,443,277,445,265,443,1
219,391,235,385,255,383,269,385,281,383,298,384,311,390,300,415,283,424,269,426,254,424,235,415,224,392,255,389,269,390,281,389,306,392,281,416,269,417,255,416,1
180,403,199,397,221,396,234,399,246,396,262,398,271,404,261,428,246,438,233,440,219,438,197,428,184,405,221,402,234,403,246,402,265,406,246,429,233,430,220,429,1
174,369,191,358,211,355,224,358,237,356,254,362,267,375,254,394,236,400,223,400,209,398,189,390,178,370,211,363,224,364,236,364,262,375,236,392,223,392,210,390,1
161,343,179,332,197,327,209,330,222,327,239,332,256,341,239,352,223,356,210,357,197,356,179,353,168,343,197,336,209,336,222,335,249,341,222,345,209,346,197,346,1
210,392,229,389,247,388,259,391,272,388,288,388,305,388,289,403,273,409,260,411,247,410,230,406,217,393,247,394,259,395,272,393,298,389,272,398,259,400,247,399,1
177,403,199,401,220,401,234,404,247,401,262,401,276,401,262,416,247,423,233,424,220,424,199,418,184,405,220,407,233,408,247,406,269,403,247,412,233,413,220,413,1
163,355,183,348,201,346,215,349,227,347,243,350,262,356,242,367,226,369,214,370,200,369,182,365,170,356,201,353,215,354,227,354,254,357,226,360,214,360,201,359,1
231,415,251,409,270,407,281,410,292,407,304,407,310,412,304,431,293,439,281,442,268,441,250,433,237,416,269,414,281,415,292,414,305,414,292,428,281,430,269,429,1
222,378,238,369,252,366,264,369,275,367,288,370,300,381,288,390,275,392,264,392,251,391,237,386,226,378,252,372,264,373,275,373,296,380,275,386,264,387,252,385,1
250,453,270,453,289,454,302,457,314,456,330,457,346,457,329,479,312,486,299,487,285,485,266,476,254,455,289,460,301,463,313,462,341,459,312,476,300,476,287,475,1
247,466,271,467,292,469,304,472,315,471,328,472,340,473,326,494,311,501,300,502,287,499,266,491,251,469,291,475,303,478,314,477,335,475,312,491,301,492,289,490,1
203,375,223,371,243,371,255,374,267,374,284,379,300,387,281,403,263,407,250,406,237,403,218,395,207,377,241,378,254,381,266,381,294,387,264,398,252,397,239,394,1
248,484,264,473,281,466,294,467,305,464,324,467,340,475,327,496,310,507,298,509,284,509,266,501,254,485,282,479,294,478,306,476,334,477,308,491,296,493,283,493,1
201,500,218,487,237,481,250,481,262,478,280,481,295,491,284,512,267,522,254,525,240,525,220,517,207,500,238,494,251,493,263,491,289,492,265,506,252,509,239,509,1
250,491,267,485,287,483,300,485,314,483,333,486,349,493,332,517,314,528,299,529,284,527,265,515,256,493,287,493,300,494,314,493,343,494,314,510,299,512,285,510,1
220,506,239,500,261,498,274,501,288,499,305,501,318,508,303,532,286,544,271,545,256,543,236,532,225,507,260,507,273,509,287,508,312,510,286,526,272,528,258,526,1
189,434,206,423,225,419,239,422,253,421,272,427,288,440,270,459,251,466,235,466,221,464,202,454,194,435,225,431,238,432,253,433,282,441,251,450,237,450,223,448,1
266,407,281,400,299,397,313,400,326,397,342,399,354,406,342,426,327,435,313,438,298,435,280,426,271,409,298,407,313,408,326,406,350,408,327,420,313,422,298,420,1
224,420,242,414,262,412,276,415,289,413,303,415,313,422,303,440,289,448,275,450,260,448,241,440,229,421,261,421,276,423,289,421,308,423,289,434,275,436,261,434,1
252,428,267,419,283,415,296,417,308,414,328,416,348,423,330,440,311,447,298,449,285,448,268,443,257,429,284,425,296,425,309,423,343,425,310,437,297,438,284,438,1
227,442,245,434,265,429,277,430,289,428,308,431,325,437,309,455,292,462,279,463,265,462,246,457,232,442,265,438,278,439,290,437,319,439,290,452,278,453,265,452,1
200,372,216,358,234,351,246,352,258,350,277,355,296,368,279,379,261,383,248,384,235,384,217,382,205,371,234,361,247,361,259,360,291,368,260,375,247,376,235,376,1
183,331,196,319,215,315,232,318,249,315,269,318,284,330,270,356,250,368,232,371,214,368,195,357,188,332,215,324,232,325,249,323,279,331,249,353,232,356,214,353,1
149,340,167,328,190,325,206,328,222,325,240,329,252,341,240,366,222,379,204,381,187,379,165,367,155,342,189,333,206,335,222,334,246,342,221,363,204,365,188,363,1
127,288,142,271,162,266,176,268,191,267,212,274,229,292,211,312,191,320,175,321,159,318,140,309,133,289,161,275,176,276,191,276,223,292,190,308,175,308,160,306,1
241,444,261,437,280,434,290,437,300,433,310,434,314,439,308,453,300,462,290,464,279,464,260,457,247,444,280,442,290,442,300,441,309,441,300,451,290,454,279,453,1
164,418,180,404,198,398,210,400,222,396,239,399,254,408,241,423,227,430,214,433,201,433,182,430,169,417,199,405,210,405,223,403,249,408,224,421,212,423,200,424,1
210,482,227,482,245,481,258,483,270,479,285,476,300,472,288,495,274,506,261,509,247,508,228,501,215,484,246,485,259,485,271,482,295,475,272,496,259,500,246,499,1
271,348,291,342,312,344,326,348,338,348,355,353,369,362,352,380,333,385,320,383,305,379,286,368,277,350,311,349,324,353,337,354,362,363,335,372,322,371,308,368,1
222,360,246,354,269,356,282,361,294,361,309,367,319,376,304,394,288,399,275,398,261,394,240,381,228,362,268,363,280,366,292,368,312,376,290,386,278,385,264,381,1
213,332,233,321,254,319,268,324,281,325,298,334,310,351,293,361,274,361,260,358,246,355,227,346,220,333,252,327,266,330,279,332,304,349,276,351,263,349,249,346,1
289,484,307,478,324,474,335,475,346,471,361,471,376,475,364,486,351,493,339,496,327,497,309,494,295,485,325,485,336,485,348,482,370,477,349,481,337,484,326,484,1
265,447,280,434,297,428,311,428,323,425,342,427,360,437,346,457,329,467,316,470,301,470,283,463,272,447,299,440,312,439,325,437,354,439,327,451,314,453,300,453,1
335,479,360,472,384,468,397,469,407,465,419,466,426,472,419,493,409,507,398,511,384,510,360,501,342,481,385,479,397,478,407,476,420,475,408,490,398,493,385,493,1
217,402,235,391,255,386,269,388,281,385,300,389,315,401,301,419,284,428,270,430,255,428,235,420,223,403,256,398,269,398,282,397,309,402,282,413,269,413,255,413,1
306,342,322,332,340,328,353,330,365,327,381,332,396,341,381,353,365,356,352,357,339,356,322,353,311,341,340,335,352,335,365,334,391,341,365,348,352,350,339,349,1
298,385,315,380,331,379,343,381,354,379,369,382,382,386,367,399,353,404,341,405,328,403,313,398,303,385,331,384,342,385,354,384,377,386,353,397,341,398,329,397,1
288,414,309,410,330,409,342,413,355,411,374,414,393,417,373,436,355,441,341,441,328,439,308,431,293,415,329,415,342,417,354,416,387,419,354,432,341,432,328,430,1
245,428,270,424,292,425,304,428,317,426,333,429,349,433,332,451,315,456,302,455,289,453,267,445,251,430,291,429,303,431,316,431,343,434,315,447,303,448,290,445,1
290,420,316,417,338,417,350,420,361,418,374,421,382,425,372,441,359,446,348,446,335,444,313,437,296,422,337,421,350,423,360,423,377,426,359,438,348,439,336,437,1
228,382,248,374,268,372,281,375,294,375,312,381,330,393,310,405,292,405,278,403,265,401,246,395,233,383,267,379,280,380,293,381,324,393,292,397,279,396,266,394,1
173,426,191,419,208,414,220,414,230,410,246,410,264,413,250,432,236,441,225,444,213,445,194,441,180,426,209,421,221,420,231,417,258,415,233,427,223,430,211,431,1
153,374,168,362,183,356,194,356,204,353,221,356,240,365,224,378,208,384,197,386,186,386,170,383,159,373,184,364,195,363,205,362,233,365,207,370,196,372,185,372,1
204,421,222,411,241,407,254,409,265,407,277,409,285,417,277,432,266,439,254,440,241,440,222,435,210,421,241,414,254,415,266,414,279,418,265,425,254,427,241,426,1
152,389,165,373,182,367,195,369,208,367,224,374,238,390,224,403,208,407,195,408,181,407,164,401,158,389,182,376,195,377,208,377,232,389,208,394,195,394,181,394,1
204,427,217,423,232,422,244,425,257,423,271,424,286,428,271,446,256,452,243,453,230,451,216,444,209,429,231,427,244,429,256,429,280,429,256,440,244,441,231,439,1
202,412,218,403,235,400,246,402,255,400,267,404,275,414,266,425,255,430,244,430,233,430,217,424,209,412,234,409,245,410,255,409,270,413,255,415,245,416,234,415,0
186,360,200,348,215,344,225,346,236,345,249,351,259,366,247,372,234,373,223,372,212,371,199,367,192,358,214,354,224,355,235,355,253,363,235,359,224,359,214,358,0
228,405,242,397,256,394,267,396,278,395,290,398,301,410,290,419,278,422,267,421,255,421,241,416,234,404,255,403,267,404,278,403,295,407,278,407,267,408,256,406,0
275,487,290,477,304,472,313,475,321,471,333,477,344,486,334,494,323,498,314,499,305,498,290,494,282,486,304,483,313,484,322,483,338,485,322,484,314,484,305,484,0
242,503,259,493,275,488,284,491,292,488,303,493,310,503,303,510,293,513,284,514,275,513,259,509,249,502,274,499,283,500,292,499,305,502,293,499,284,500,275,499,0
225,456,240,442,256,436,265,439,274,437,286,445,296,461,285,463,273,463,264,463,254,462,240,459,232,454,255,449,264,450,273,450,290,458,273,450,264,450,255,449,0
192,456,203,446,216,443,227,446,239,443,250,447,260,454,251,464,240,469,227,471,216,470,202,464,198,456,216,453,227,454,239,452,254,455,239,454,227,456,216,455,0
159,469,172,459,188,456,199,459,210,457,220,460,229,468,221,478,211,483,200,484,187,483,172,477,165,469,187,466,199,467,210,466,223,468,211,468,200,470,188,468,0
201,482,217,477,233,475,244,478,254,475,267,477,279,480,267,490,255,495,244,497,233,497,217,492,207,483,233,486,244,487,254,485,273,481,255,486,244,487,233,486,0
219,392,231,377,245,368,256,370,267,366,283,373,296,384,285,396,271,402,259,404,247,405,233,402,225,390,246,384,257,383,268,381,289,384,269,386,258,388,247,387,0
192,403,208,388,224,379,236,382,246,378,260,384,270,396,261,407,249,414,238,416,226,417,209,413,199,401,225,395,236,394,247,393,263,395,247,396,237,398,225,398,0
175,350,187,333,202,324,212,326,224,324,239,332,251,349,239,356,225,360,213,360,202,360,188,357,181,348,202,339,213,339,224,338,245,347,224,344,213,345,202,345,0
261,412,278,399,295,392,304,393,311,390,320,395,321,407,320,417,313,422,305,423,295,424,279,420,267,410,295,401,304,401,311,400,317,406,312,408,304,410,295,410,0
205,377,218,360,232,351,243,354,253,351,266,359,275,376,266,382,255,383,245,384,233,383,220,382,213,374,232,363,243,363,253,363,269,373,254,371,244,372,233,371,0
246,424,259,414,273,409,284,412,295,409,307,413,316,423,307,435,296,441,285,442,273,441,259,436,252,423,273,417,284,417,295,416,310,423,295,427,284,429,273,428,0
241,395,256,384,269,377,277,378,285,374,299,379,314,386,302,397,290,402,281,404,272,404,259,402,247,395,270,390,278,389,286,387,308,387,286,387,278,388,271,389,0
204,408,220,397,236,389,244,390,251,387,265,392,278,399,267,410,256,415,248,416,240,417,224,415,211,407,237,402,245,401,252,400,271,400,253,399,246,401,238,402,0
249,404,267,394,282,386,291,386,298,383,307,386,314,394,309,403,303,409,295,412,286,413,270,412,257,403,283,398,291,397,298,395,309,395,300,394,293,396,284,397,0
245,393,263,381,280,375,291,377,301,374,314,379,327,389,313,391,302,392,291,393,280,393,263,393,251,390,279,383,291,384,301,383,321,388,301,383,291,384,279,384,0
289,444,305,439,320,435,332,437,342,433,354,434,366,435,354,444,344,449,333,451,321,452,306,450,295,443,320,441,332,442,343,439,360,436,343,439,332,441,321,441,0
225,336,239,328,253,324,264,326,274,324,286,328,299,336,286,344,274,348,263,349,252,348,239,344,231,336,252,334,264,335,274,334,293,336,274,334,263,335,253,334,0
219,313,235,300,248,293,259,295,270,292,282,297,295,308,283,315,271,317,260,318,249,318,236,317,226,312,248,305,259,305,270,304,288,307,270,304,259,305,249,305,0
290,461,303,453,315,449,325,451,335,448,347,451,358,458,348,466,337,470,326,471,316,471,303,467,296,460,315,458,325,459,335,457,353,457,336,457,325,459,315,458,0
243,475,257,467,271,463,281,466,291,463,301,466,310,472,302,480,292,485,282,486,271,486,257,482,248,474,270,471,281,473,291,471,305,472,291,472,281,474,271,473,0
259,399,272,389,286,383,296,386,308,383,322,389,333,398,322,408,310,415,297,416,285,415,272,408,266,399,285,395,296,396,308,394,327,398,309,397,297,399,286,398,0
226,412,240,402,256,396,268,399,280,396,292,402,300,412,292,423,281,429,269,431,256,429,240,422,232,411,255,408,268,409,279,407,294,412,280,411,269,413,256,412,0
198,353,212,339,227,333,238,336,250,333,263,341,274,356,263,362,250,365,238,366,226,364,212,359,205,352,226,345,238,346,249,346,268,354,250,350,238,351,227,350,0
292,397,303,386,317,380,327,383,337,380,349,386,356,397,349,411,337,419,326,420,316,419,302,412,300,397,317,391,326,392,336,391,349,396,336,400,326,401,317,401,0
254,410,268,399,284,393,293,396,302,393,312,399,316,411,310,423,301,430,291,432,282,431,267,424,261,410,284,405,292,405,301,404,310,410,301,412,291,414,283,414,0
232,361,243,346,258,339,268,342,277,339,289,349,294,365,287,377,275,382,265,382,254,381,241,374,239,360,257,351,267,352,276,353,288,363,276,364,266,365,256,364,0
279,390,298,389,314,388,324,390,334,387,347,388,363,389,348,395,335,397,325,398,315,397,299,395,285,390,314,392,324,394,334,392,358,389,335,391,325,393,315,391,0
242,403,264,401,281,400,291,403,301,400,313,401,325,403,312,410,301,411,291,412,281,411,264,409,249,403,281,405,290,407,300,405,321,404,301,405,291,406,281,405,0
219,351,238,346,255,344,265,347,276,345,288,349,302,356,287,356,274,354,264,353,253,353,238,352,224,350,254,350,265,351,275,351,297,354,275,350,264,350,254,349,0
282,380,298,371,313,367,324,369,334,366,346,370,356,377,346,389,335,394,324,395,312,394,297,390,289,380,313,375,323,376,334,374,349,378,334,382,323,384,313,384,0
247,392,266,384,282,380,293,383,303,380,314,384,321,391,313,402,303,408,292,409,281,408,265,403,254,393,282,389,292,389,303,388,315,392,303,396,292,398,282,397,0
223,339,240,327,255,322,266,325,276,323,287,330,296,343,285,350,275,350,264,350,253,349,239,346,229,338,255,333,265,334,275,334,291,342,275,341,265,341,255,340,0
183,335,200,321,217,312,230,314,241,311,255,316,265,328,256,342,244,349,231,351,218,351,201,348,191,335,218,324,230,324,242,322,258,328,242,331,230,334,218,334,0
150,266,163,246,180,236,192,237,203,235,219,243,233,262,220,273,205,278,193,280,180,280,164,277,158,265,180,249,192,248,203,248,225,260,204,260,192,262,180,262,0
200,325,215,311,230,303,242,304,255,301,272,305,288,315,274,328,258,334,246,337,232,337,217,335,208,324,231,313,243,312,255,310,281,316,256,321,244,323,231,323,0
176,335,195,320,213,313,226,314,239,311,253,316,266,327,254,339,241,345,228,347,215,347,197,345,184,333,214,322,226,322,239,320,259,327,239,331,227,333,214,334,0
207,334,218,314,234,305,246,306,258,303,274,309,286,324,277,346,262,357,249,360,236,360,219,353,214,333,235,317,247,316,258,314,279,325,260,339,248,342,235,342,0
185,344,200,325,218,316,231,317,243,313,256,320,264,337,257,358,245,367,232,369,218,369,200,363,192,343,218,327,231,326,243,324,257,337,243,350,231,352,218,353,0
151,272,162,247,178,236,191,238,202,235,219,245,229,268,220,285,205,294,192,296,179,295,162,287,158,270,179,248,191,248,203,247,223,267,203,276,191,278,179,278,0
146,295,162,279,178,271,190,274,201,272,216,281,230,298,215,305,200,307,189,307,177,306,161,302,152,294,178,284,190,284,200,284,223,297,200,294,189,294,177,293,0
214,411,230,406,245,404,257,408,268,405,279,409,289,414,279,422,268,427,256,428,244,427,229,421,221,412,245,412,256,414,268,413,283,415,268,413,256,415,245,412,0
189,353,203,345,216,342,227,345,238,343,251,349,263,359,250,363,237,364,225,364,214,363,201,360,194,353,215,351,226,352,238,352,258,358,238,353,226,353,215,351,0
196,366,209,357,223,352,234,357,245,354,256,362,266,372,254,380,242,383,231,383,219,380,207,375,203,366,222,364,233,365,244,366,259,372,243,368,232,368,221,366,0
195,381,214,378,229,374,238,376,248,372,258,373,270,375,260,385,250,391,241,393,231,393,215,390,202,382,229,380,239,381,248,379,265,376,249,379,240,382,230,381,0
177,334,192,326,206,321,215,323,225,320,238,324,251,330,239,336,227,340,217,341,207,341,193,338,183,333,206,329,215,330,225,329,245,330,226,330,216,331,207,330,0
231,369,247,365,259,361,270,362,278,358,291,359,306,359,294,369,283,374,274,377,263,376,250,375,237,369,260,367,270,367,279,364,301,361,281,365,272,367,262,367,0
192,380,210,376,224,372,234,373,242,370,254,371,267,372,256,382,246,387,237,389,227,389,212,387,198,380,225,379,234,379,243,376,262,373,245,377,236,379,226,379,0
173,332,189,325,203,319,212,321,221,318,234,322,248,328,235,333,223,336,214,337,204,337,190,336,179,332,203,327,212,328,221,326,242,328,222,327,213,329,204,328,0
229,368,245,362,258,357,266,359,276,355,289,358,302,360,291,373,280,380,271,382,261,382,247,377,236,368,259,365,267,365,276,362,296,362,278,368,269,370,260,370,0
189,380,207,374,222,369,232,371,241,367,253,369,264,373,254,385,245,392,235,395,224,394,209,390,196,380,222,376,233,376,242,374,257,374,243,380,234,382,223,382,0
170,332,186,323,200,316,209,318,219,315,232,320,244,327,233,337,221,341,211,343,201,342,187,338,178,331,200,325,209,326,219,324,237,328,220,329,210,331,201,330,0
267,432,282,426,297,422,309,425,321,421,334,423,346,428,336,439,323,445,310,446,297,446,282,442,273,432,297,431,309,433,322,430,341,429,322,431,310,433,297,432,0
234,446,251,440,268,436,281,439,292,435,304,438,313,442,305,453,293,459,281,460,268,460,250,456,240,445,268,445,280,446,292,444,308,443,292,444,281,447,268,446,0
206,385,221,375,237,369,249,373,261,369,275,375,287,384,275,391,262,394,249,395,237,394,221,391,213,384,237,381,249,382,261,380,280,384,261,381,249,382,237,381,0
267,389,278,378,292,370,300,372,309,369,321,375,331,384,323,396,311,402,301,404,292,404,279,400,273,388,292,385,300,385,309,384,325,384,310,384,301,386,292,385,0
192,413,205,403,216,396,225,396,233,392,244,393,253,399,247,405,239,409,231,412,222,414,209,415,198,411,217,402,226,401,234,398,249,398,236,399,228,402,220,403,0
176,372,188,358,199,350,208,350,216,347,228,351,240,361,230,360,221,361,212,363,203,365,192,367,181,368,200,357,209,356,217,354,235,358,219,353,210,355,202,356,0
220,322,234,315,247,310,256,312,265,308,277,311,291,314,279,322,268,325,259,326,250,327,236,326,225,322,248,319,257,319,266,317,286,315,266,317,258,319,249,319,0
176,332,193,326,207,321,217,323,225,320,237,322,249,326,238,334,228,337,219,339,210,339,195,338,182,332,208,329,217,330,226,328,244,326,227,328,218,330,209,330,0
163,296,178,286,191,280,201,282,208,279,222,284,237,293,222,297,211,297,202,298,193,298,179,298,168,295,192,290,201,290,209,289,232,292,209,290,201,290,193,290,0
205,347,222,331,238,324,250,325,260,321,275,325,291,335,277,338,264,339,253,340,241,342,224,344,212,344,238,332,251,331,261,330,285,334,262,331,252,332,240,333,0
280,485,295,477,309,472,319,474,327,469,343,473,360,478,345,493,330,500,321,501,311,501,296,496,286,485,310,485,319,485,328,483,353,480,328,484,319,485,310,485,0
262,499,280,492,298,486,307,488,315,484,329,488,342,495,330,508,317,515,308,517,298,517,281,513,269,500,298,500,307,500,316,498,335,496,316,499,307,500,298,500,0
255,438,267,429,281,422,291,424,300,421,314,425,328,431,316,444,303,450,293,453,283,452,269,448,261,438,281,434,291,434,300,432,321,432,301,434,292,436,282,435,0
208,451,223,442,238,436,248,438,256,434,269,439,281,445,271,457,260,463,250,465,240,465,224,460,215,451,238,447,248,448,257,446,275,446,258,447,249,449,240,448,0
